ID_PLAYA;NOMBRE_PLAYA;ID_PROVINCIA;NOMBRE_PROVINCIA;ID_MUNICIPIO;NOMBRE_MUNICIPIO;LATITUD;LONGITUD
0301101;Raco de l'Albir;03;Alacant/Alicante;03011;l'Alfàs del Pi;38º 34' 31";-00º 03' 52"
0301401;Sant Joan / San Juan;03;Alacant/Alicante;03014;Alicante/Alacant;38º 22' 48";-00º 24' 32"
0301408;El Postiguet;03;Alacant/Alicante;03014;Alicante/Alacant;38º 20' 46";-00º 28' 38"
0301410;Saladar;03;Alacant/Alicante;03014;Alicante/Alacant;38º 17' 02";-00º 31' 08"
0301808;La Roda;03;Alacant/Alicante;03018;Altea;38º 36' 29";-00º 02' 16"
0301809;Cap Blanch;03;Alacant/Alicante;03018;Altea;38º 35' 36";-00º 03' 10"
0303102;Llevant / Playa de Levante;03;Alacant/Alicante;03031;Benidorm;38º 32' 12";-00º 07' 05"
0303104;Ponent / Playa de Poniente;03;Alacant/Alicante;03031;Benidorm;38º 32' 14";-00º 08' 55"
0304105;Cala Fustera;03;Alacant/Alicante;03041;Benissa;38º 39' 53";0º 05' 16"
0304704;La Fossa;03;Alacant/Alicante;03047;Calp;38º 38' 46";0º 04' 24"
0304707;Cantal Roig;03;Alacant/Alicante;03047;Calp;38º 37' 54";0º 00' 16"
0304709;Arenal/Bol;03;Alacant/Alicante;03047;Calp;38º 36' 35";-00º 02' 10"
0305013;Carrer la Mar;03;Alacant/Alicante;03050;el Campello;38º 25' 30";-00º 23' 20"
0306301;Les Devesses;03;Alacant/Alicante;03063;Dénia;38º 52' 15";-00º 00' 26"
0306308;Les Boves / Les Marines;03;Alacant/Alicante;03063;Dénia;38º 51' 29";0º 04' 33"
0306310;Marineta Cassiana;03;Alacant/Alicante;03063;Dénia;38º 50' 04";0º 07' 33"
0306502;Arenales del Sol;03;Alacant/Alicante;03065;Elche/Elx;38º 14' 28";-00º 30' 49"
0306505;La Marina / Les Pesqueres - El Rebollo;03;Alacant/Alicante;03065;Elche/Elx;38º 08' 19";-00º 39' 09"
0306901;Finestrat / La Cala;03;Alacant/Alicante;03069;Finestrat;38º 31' 33";-00º 09' 58"
0307605;Centro / La Roqueta;03;Alacant/Alicante;03076;Guardamar del Segura;38º 04' 31";-00º 38' 50"
0308204;El Arenal;03;Alacant/Alicante;03082;Jávea/Xàbia;38º 46' 27";0º 11' 27"
0308211;La Granadella;03;Alacant/Alicante;03082;Jávea/Xàbia;38º 43' 50";0º 11' 52"
0309907;Cala Capitan;03;Alacant/Alicante;03099;Orihuela;37º 55' 19";-00º 43' 18"
0309908;Cala Roig;03;Alacant/Alicante;03099;Orihuela;37º 54' 12";-00º 43' 42"
0309911;Campoamor / Barranco Rubio;03;Alacant/Alicante;03099;Orihuela;37º 53' 46";-00º 45' 06"
0312103;Varador - Calas del Este;03;Alacant/Alicante;03121;Santa Pola;38º 11' 26";-00º 32' 05"
0312108;Tamarit;03;Alacant/Alicante;03121;Santa Pola;38º 11' 17";-00º 35' 49"
0312803;L'Ampolla;03;Alacant/Alicante;03128;Teulada;38º 41' 18";0º 07' 53"
0313302;La Mata;03;Alacant/Alicante;03133;Torrevieja;38º 01' 34";-00º 39' 08"
0313909;Paradis;03;Alacant/Alicante;03139;Villajoyosa/la Vila Joiosa;38º 29' 54";-00º 15' 25"
0390208;Port / El Puerto;03;Alacant/Alicante;03902;Pilar de la Horadada;37º 49' 15";-00º 46' 45"
0400308;Poniente;04;Almería;04003;Adra;36º 44' 39";-03º 11' 06"
0400309;San Nicolás;04;Almería;04003;Adra;36º 44' 40";-03º 04' 01"
0401304;San Miguel/Las Conchas/Zapillo;04;Almería;04013;Almería;36º 49' 46";-02º 27' 10"
0401310;Retamar;04;Almería;04013;Almería;36º 50' 01";-02º 18' 53"
0401313;San Miguel de Cabo de Gata;04;Almería;04013;Almería;36º 47' 35";-02º 15' 21"
0402901;Berja-Balanegra;04;Almería;04029;Berja;36º 44' 51";-02º 54' 38"
0403203;El Lancon;04;Almería;04032;Carboneras;37º 00' 41";-01º 52' 51"
0403204;Los Barquicos/Los Cocones;04;Almería;04032;Carboneras;36º 59' 47";-01º 53' 37"
0403501;Pozo del Esparto;04;Almería;04035;Cuevas del Almanzora;37º 20' 11";-01º 41' 23"
0403510;Villaricos;04;Almería;04035;Cuevas del Almanzora;37º 14' 51";-01º 46' 19"
0404901;Garrucha;04;Almería;04049;Garrucha;37º 10' 45";-01º 49' 13"
0406401;Marina de la Torre;04;Almería;04064;Mojácar;37º 09' 45";-01º 49' 21"
0406403;El Descargador;04;Almería;04064;Mojácar;37º 08' 31";-01º 49' 34"
0406601;Aguamarga;04;Almería;04066;Níjar;36º 56' 24";-01º 56' 01"
0406614;San José;04;Almería;04066;Níjar;36º 45' 37";-02º 06' 26"
0407506;Mar Serena;04;Almería;04075;Pulpí;37º 21' 30";-01º 40' 11"
0407904;La Romanilla;04;Almería;04079;Roquetas de Mar;36º 46' 14";-02º 36' 05"
0407906;Urbanización Roquetas del Mar;04;Almería;04079;Roquetas de Mar;36º 44' 25";-02º 36' 39"
0410002;Puerto del Rey;04;Almería;04100;Vera;37º 12' 10";-01º 48' 34"
0490201;Balerma;04;Almería;04902;El Ejido;36º 43' 20";-02º 52' 39"
0490204;San Miguel-Poniente Almerimar;04;Almería;04902;El Ejido;36º 42' 27";-02º 48' 53"
0490205;Levante Almerimar;04;Almería;04902;El Ejido;36º 41' 23";-02º 46' 41"
0700201;Son Bou;07;Illes Balears;07002;Alaior;39º 54' 10";4º 04' 00"
0700307;Alcúdia;07;Illes Balears;07003;Alcúdia;39º 49' 50";3º 07' 13"
0700506;Sant Elm;07;Illes Balears;07005;Andratx;39º 34' 45";2º 21' 18"
0700513;Camp de Mar;07;Illes Balears;07005;Andratx;39º 32' 19";2º 25' 26"
0701102;Palmira;07;Illes Balears;07011;Calvià;39º 32' 08";2º 27' 31"
0701103;Cala Santa Ponça;07;Illes Balears;07011;Calvià;39º 31' 03";2º 28' 53"
0701105;Magalluf;07;Illes Balears;07011;Calvià;39º 30' 31";2º 32' 14"
0701303;Es Trenc;07;Illes Balears;07013;Campos;39º 20' 49";2º 59' 03"
0701401;Cala Mesquida;07;Illes Balears;07014;Capdepera;39º 44' 45";3º 26' 06"
0701403;Cala Agulla;07;Illes Balears;07014;Capdepera;39º 43' 25";3º 27' 14"
0701406;Sa Font de Sa Cala;07;Illes Balears;07014;Capdepera;39º 40' 00";3º 27' 12"
0701506;Cala Santandria;07;Illes Balears;07015;Ciutadella de Menorca;39º 58' 46";3º 50' 25"
0701507;Cala Blanca;07;Illes Balears;07015;Ciutadella de Menorca;39º 58' 07";3º 50' 11"
0701509;Son Xoriguer;07;Illes Balears;07015;Ciutadella de Menorca;39º 55' 37";3º 50' 35"
0701906;Sa Calobra;07;Illes Balears;07019;Escorca;39º 51' 08";2º 48' 03"
0702201;Cala Marçal;07;Illes Balears;07022;Felanitx;39º 24' 39";3º 15' 34"
0702302;Cala Galdana;07;Illes Balears;07023;Ferreries;39º 56' 19";3º 57' 42"
0702402;Playa de Llevant;07;Illes Balears;07024;Formentera;38º 44' 56";1º 26' 24"
0702413;Playa de Migjorn;07;Illes Balears;07024;Formentera;38º 41' 07";1º 28' 07"
0702414;Cala Saona;07;Illes Balears;07024;Formentera;38º 41' 40";1º 23' 23"
0702601;Talamanca;07;Illes Balears;07026;Eivissa;38º 55' 06";1º 27' 22"
0702603;Ses Figueretes;07;Illes Balears;07026;Eivissa;38º 54' 19";1º 25' 23"
0703209;Es Grau;07;Illes Balears;07032;Maó-Mahón;39º 57' 04";4º 15' 06"
0703211;Cala Mesquida;07;Illes Balears;07032;Maó-Mahón;39º 55' 03";4º 17' 12"
0703301;S'Illot / Cala Moreira;07;Illes Balears;07033;Manacor;39º 34' 01";3º 22' 27"
0703307;Cala Estany;07;Illes Balears;07033;Manacor;39º 31' 04";3º 18' 42"
0703316;Es Domingos Gran;07;Illes Balears;07033;Manacor;39º 27' 34";3º 16' 46"
0703706;Tirant;07;Illes Balears;07037;Es Mercadal;40º 02' 06";4º 06' 05"
0703710;Arenal d'en Castell;07;Illes Balears;07037;Es Mercadal;40º 01' 04";4º 11' 05"
0703901;Muro;07;Illes Balears;07039;Muro;39º 47' 23";3º 07' 50"
0704001;Cala Major;07;Illes Balears;07040;Palma;39º 33' 12";2º 36' 27"
0704007;Playa de Palma;07;Illes Balears;07040;Palma;39º 31' 25";2º 44' 17"
0704202;Cala Barques;07;Illes Balears;07042;Pollença;39º 55' 22";3º 03' 25"
0704208;Cala Formentor;07;Illes Balears;07042;Pollença;39º 55' 45";3º 08' 15"
0704210;Pollença / Llenaire;07;Illes Balears;07042;Pollença;39º 53' 23";3º 04' 46"
0704605;Cala Grasió;07;Illes Balears;07046;Sant Antoni de Portmany;38º 59' 36";1º 17' 28"
0704608;San Antonio / Es Regueró;07;Illes Balears;07046;Sant Antoni de Portmany;38º 58' 44";1º 18' 31"
0704806;Cala Bassa;07;Illes Balears;07048;Sant Josep de sa Talaia;38º 58' 09";1º 14' 27"
0704817;Cala Vedella;07;Illes Balears;07048;Sant Josep de sa Talaia;38º 54' 53";1º 13' 31"
0704821;Cala d'Hort;07;Illes Balears;07048;Sant Josep de sa Talaia;38º 53' 30";1º 13' 30"
0704834;Ses Salines / Mitjon;07;Illes Balears;07048;Sant Josep de sa Talaia;38º 50' 34";1º 23' 29"
0704836;En Bossa;07;Illes Balears;07048;Sant Josep de sa Talaia;38º 53' 15";1º 26' 17"
0705005;Port Sant Miquel;07;Illes Balears;07050;Sant Joan de Labritja;39º 04' 54";1º 26' 29"
0705016;Portinatx;07;Illes Balears;07050;Sant Joan de Labritja;39º 06' 55";1º 31' 17"
0705019;Cala San Vicente;07;Illes Balears;07050;Sant Joan de Labritja;39º 04' 37";1º 35' 37"
0705101;Cala Millor;07;Illes Balears;07051;Sant Llorenç des Cardassar;39º 35' 47";3º 23' 09"
0705104;Sa Coma;07;Illes Balears;07051;Sant Llorenç des Cardassar;39º 34' 31";3º 22' 41"
0705202;Punta Prima;07;Illes Balears;07052;Sant Lluís;39º 48' 53";4º 16' 54"
0705416;Santa Eulària;07;Illes Balears;07054;Santa Eulària des Riu;38º 58' 58";1º 32' 33"
0705418;Cala Llonga;07;Illes Balears;07054;Santa Eulària des Riu;38º 57' 13";1º 31' 16"
0705501;C'An Picafort;07;Illes Balears;07055;Santa Margalida;39º 46' 14";3º 09' 06"
0705706;Cala Mondragó;07;Illes Balears;07057;Santanyí;39º 21' 03";3º 11' 09"
0705707;Cala Santanyí;07;Illes Balears;07057;Santanyí;39º 19' 53";3º 08' 52"
0705904;Colonia de Sant Jordi / Ees Dolç;07;Illes Balears;07059;Ses Salines;39º 19' 03";3º 00' 18"
0706101;Puerto de Sóller;07;Illes Balears;07061;Sóller;39º 47' 37";2º 41' 49"
0706202;Es Ribell;07;Illes Balears;07062;Son Servera;39º 38' 12";3º 24' 17"
0790202;Sant Tomas;07;Illes Balears;07902;Es Migjorn Gran;39º 54' 54";4º 02' 32"
0800601;D'Arenys;08;Barcelona;08006;Arenys de Mar;41º 34' 46";2º 33' 12"
0801502;Del Centre;08;Barcelona;08015;Badalona;41º 27' 03";2º 15' 18"
0801903;Del Bogatell;08;Barcelona;08019;Barcelona;41º 23' 48";2º 12' 19"
0801905;La Barceloneta;08;Barcelona;08019;Barcelona;41º 23' 08";2º 12' 02"
0802901;Cabrera;08;Barcelona;08029;Cabrera de Mar;41º 30' 30";2º 24' 14"
0803201;La Riera - Els Tres Micos;08;Barcelona;08032;Caldes d'Estrac;41º 34' 01";2º 31' 22"
0803501;Gran - Garbí;08;Barcelona;08035;Calella;41º 36' 53";2º 39' 52"
0804001;Canet;08;Barcelona;08040;Canet de Mar;41º 35' 18";2º 35' 08"
0805601;Castelldefels;08;Barcelona;08056;Castelldefels;41º 15' 59";1º 58' 50"
0807401;Llarga;08;Barcelona;08074;Cubelles;41º 12' 12";1º 41' 05"
0808901;Gavà;08;Barcelona;08089;Gavà;41º 16' 03";2º 00' 47"
0811002;Malgrat;08;Barcelona;08110;Malgrat de Mar;41º 38' 45";2º 45' 05"
0811801;Ocata;08;Barcelona;08118;El Masnou;41º 29' 02";2º 20' 17"
0812103;Varador;08;Barcelona;08121;Mataró;41º 32' 13";2º 27' 02"
0812602;Montgat;08;Barcelona;08126;Montgat;41º 28' 06";2º 17' 04"
0816301;Pineda de Mar;08;Barcelona;08163;Pineda de Mar;41º 37' 24";2º 41' 41"
0817203;Pla de l'Os;08;Barcelona;08172;Premià de Mar;41º 29' 14";2º 21' 02"
0819703;Sant Andreu de Llavaneres;08;Barcelona;08197;Sant Andreu de Llavaneres;41º 33' 26";2º 30' 01"
0823504;Sant Pol;08;Barcelona;08235;Sant Pol de Mar;41º 36' 18";2º 37' 55"
0826101;Santa Susanna;08;Barcelona;08261;Santa Susanna;41º 37' 46";2º 42' 39"
0826401;Sant Vicenç de Montalt;08;Barcelona;08264;Sant Vicenç de Montalt;41º 33' 48";2º 30' 54"
0827009;L'Estanyol;08;Barcelona;08270;Sitges;41º 13' 59";1º 48' 05"
0830702;Ribes Roges;08;Barcelona;08307;Vilanova i la Geltrú;41º 12' 51";1º 43' 29"
1100401;El Rinconcillo;11;Cádiz;11004;Algeciras;36º 09' 59";-05º 26' 13"
1100402;Getares / San García;11;Cádiz;11004;Algeciras;36º 05' 41";-05º 26' 39"
1100702;Caños de Meca;11;Cádiz;11007;Barbate;36º 11' 16";-06º 01' 36"
1100703;El Carmen;11;Cádiz;11007;Barbate;36º 11' 17";-05º 55' 07"
1100706;Zahara de los Atunes;11;Cádiz;11007;Barbate;36º 07' 53";-05º 50' 34"
1100801;Palmones;11;Cádiz;11008;Los Barrios;36º 10' 35";-05º 25' 37"
1101201;La Caleta;11;Cádiz;11012;Cádiz;36º 31' 50";-06º 18' 19"
1101203;La Victoria;11;Cádiz;11012;Cádiz;36º 30' 01";-06º 16' 26"
1101401;Roche;11;Cádiz;11014;Conil de la Frontera;36º 19' 07";-06º 09' 20"
1101406;La Fontanilla;11;Cádiz;11014;Conil de la Frontera;36º 16' 42";-06º 05' 45"
1101503;La Barrosa;11;Cádiz;11015;Chiclana de la Frontera;36º 21' 56";-06º 10' 43"
1101602;Cruz del Mar;11;Cádiz;11016;Chipiona;36º 44' 38";-06º 26' 03"
1101604;Regla;11;Cádiz;11016;Chipiona;36º 43' 57";-06º 26' 19"
1102205;Levante - La Atunara;11;Cádiz;11022;La Línea de la Concepción;36º 10' 23";-05º 20' 10"
1102207;Poniente;11;Cádiz;11022;La Línea de la Concepción;36º 09' 44";-05º 21' 26"
1102701;Fuentebravía - Santa Catalina;11;Cádiz;11027;El Puerto de Santa María;36º 36' 04";-06º 16' 32"
1102704;La Puntilla;11;Cádiz;11027;El Puerto de Santa María;36º 35' 14";-06º 14' 20"
1102705;Valdelagrana;11;Cádiz;11027;El Puerto de Santa María;36º 34' 23";-06º 13' 24"
1103001;La Ballena;11;Cádiz;11030;Rota;36º 41' 18";-06º 24' 59"
1103003;Punta Candor;11;Cádiz;11030;Rota;36º 38' 59";-06º 23' 35"
1103005;La Costilla;11;Cádiz;11030;Rota;36º 37' 07";-06º 21' 43"
1103006;El Rompidillo - El Chorrillo;11;Cádiz;11030;Rota;36º 37' 30";-06º 20' 55"
1103101;Camposoto - El Castillo;11;Cádiz;11031;San Fernando;36º 24' 22";-06º 13' 06"
1103203;La Calzada - Piletas;11;Cádiz;11032;Sanlúcar de Barrameda;36º 46' 54";-06º 21' 50"
1103302;Torreguadiaro;11;Cádiz;11033;San Roque;36º 17' 50";-05º 16' 13"
1103504;Bolonia;11;Cádiz;11035;Tarifa;36º 05' 07";-05º 46' 01"
1103506;Los Lances;11;Cádiz;11035;Tarifa;36º 02' 07";-05º 37' 29"
1103901;El Palmar;11;Cádiz;11039;Vejer de la Frontera;36º 13' 11";-06º 03' 44"
1200402;Las Fuentes;12;Castelló/Castellón;12004;Alcalà de Xivert;40º 15' 14";0º 17' 16"
1200403;El Carregador;12;Castelló/Castellón;12004;Alcalà de Xivert;40º 14' 28";0º 16' 33"
1200902;La Torre;12;Castelló/Castellón;12009;Almassora;39º 55' 26";-00º 00' 08"
1201101;Casa Blanca;12;Castelló/Castellón;12011;Almenara;39º 41' 40";-00º 11' 58"
1202702;El Morrongo;12;Castelló/Castellón;12027;Benicarló;40º 24' 48";0º 25' 56"
1202802;L'Almadrava;12;Castelló/Castellón;12028;Benicasim/Benicàssim;40º 03' 12";0º 04' 38"
1202805;Heliopolis;12;Castelló/Castellón;12028;Benicasim/Benicàssim;40º 01' 44";0º 02' 44"
1203201;El Arenal;12;Castelló/Castellón;12032;Borriana/Burriana;39º 52' 03";-00º 03' 46"
1204003;El Pinar;12;Castelló/Castellón;12040;Castellón de la Plana/Castelló de la Plana;39º 59' 17";-00º 01' 37"
1205301;Las Casas / Les Cases;12;Castelló/Castellón;12053;Chilches/Xilxes;39º 46' 05";-00º 09' 54"
1207703;Masbo;12;Castelló/Castellón;12077;Moncofa;39º 48' 02";-00º 07' 46"
1208201;Nules;12;Castelló/Castellón;12082;Nules;39º 49' 33";-00º 06' 35"
1208502;Morro de Gos;12;Castelló/Castellón;12085;Oropesa del Mar/Orpesa;40º 05' 35";0º 08' 49"
1208503;La Concha;12;Castelló/Castellón;12085;Oropesa del Mar/Orpesa;40º 05' 83";0º 08' 20"
1208901;Playa Norte;12;Castelló/Castellón;12089;Peníscola/Peñíscola;40º 21' 43";0º 24' 11"
1211701;Norte de Torreblanca;12;Castelló/Castellón;12117;Torreblanca;40º 11' 42";0º 13' 29"
1213810;Forti;12;Castelló/Castellón;12138;Torrechiva;40º 28' 12";0º 28' 43"
1500401;Ares;15;A Coruña;15004;Ares;43º 25' 38";-08º 14' 30"
1500403;Seselle;15;A Coruña;15004;Ares;43º 25' 43";-08º 13' 30"
1500501;Barrañán;15;A Coruña;15005;Arteixo;43º 18' 42";-08º 32' 59"
1500801;Gandarío;15;A Coruña;15008;Bergondo;43º 20' 36";-08º 14' 13"
1501101;Barraña;15;A Coruña;15011;Boiro;42º 38' 22";-08º 53' 02"
1501103;Mañóns;15;A Coruña;15011;Boiro;42º 36' 43";-08º 52' 20"
1501501;Magdalena, Cabanas;15;A Coruña;15015;Cabanas;43º 25' 09";-08º 10' 11"
1501602;Arou;15;A Coruña;15016;Camariñas;43º 11' 05";-09º 06' 22"
1501902;Razo-Baldaio;15;A Coruña;15019;Carballo;43º 17' 54";-08º 40' 33"
1502001;Carnota;15;A Coruña;15020;Carnota;42º 49' 27";-09º 06' 14"
1502202;Magdalena;15;A Coruña;15022;Cedeira;43º 39' 14";-08º 02' 59"
1502301;Estorde;15;A Coruña;15023;Cee;42º 56' 40";-09º 13' 01"
1502802;Quenxe;15;A Coruña;15028;Corcubión;42º 56' 23";-09º 11' 23"
1503005;Riazor-Orzán;15;A Coruña;15030;A Coruña;43º 22' 14";-08º 24' 21"
1503401;Ezaro;15;A Coruña;15034;Dumbría;42º 54' 29";-09º 07' 29"
1503603;Doniños;15;A Coruña;15036;Ferrol;43º 29' 59";-08º 19' 00"
1503608;San Xurxo;15;A Coruña;15036;Ferrol;43º 31' 47";-08º 17' 43"
1503701;Langosteira;15;A Coruña;15037;Fisterra;42º 55' 19";-09º 15' 41"
1503707;Sardiñeiro;15;A Coruña;15037;Fisterra;42º 56' 30";-09º 13' 55"
1504001;Laxe;15;A Coruña;15040;Laxe;43º 13' 04";-08º 59' 52"
1504101;Caión;15;A Coruña;15041;A Laracha;43º 18' 56";-08º 36' 30"
1504302;Maior, Malpica;15;A Coruña;15043;Malpica de Bergantiños;43º 19' 28";-08º 48' 54"
1504303;Barizo;15;A Coruña;15043;Malpica de Bergantiños;43º 18' 47";-08º 52' 25"
1504402;Bares;15;A Coruña;15044;Mañón;43º 46' 17";-07º 40' 28"
1504801;Grande de Miño;15;A Coruña;15048;Miño;43º 21' 30";-08º 12' 33"
1504803;Perbes;15;A Coruña;15048;Miño;43º 22' 35";-08º 12' 46"
1505202;Lago;15;A Coruña;15052;Muxía;43º 06' 27";-09º 09' 51"
1505204;Os Muiños, Area Maior;15;A Coruña;15052;Muxía;43º 05' 28";-09º 11' 28"
1505205;Lourido;15;A Coruña;15052;Muxía;43º 05' 17";-09º 13' 17"
1505301;San Francisco;15;A Coruña;15053;Muros;42º 45' 33";-09º 04' 24"
1505303;Esteiro;15;A Coruña;15053;Muros;42º 47' 24";-08º 58' 06"
1505701;Boa Grande;15;A Coruña;15057;Noia;42º 46' 45";-08º 55' 48"
1505703;Testal;15;A Coruña;15057;Noia;42º 47' 27";-08º 54' 57"
1505801;Bastiagueiro;15;A Coruña;15058;Oleiros;43º 20' 33";-08º 21' 40"
1505802;Mera;15;A Coruña;15058;Oleiros;43º 22' 47";-08º 20' 17"
1505803;Santa Cristina;15;A Coruña;15058;Oleiros;43º 20' 26";-08º 22' 42"
1506101;Espasante;15;A Coruña;15061;Ortigueira;43º 43' 17";-07º 48' 27"
1506102;Morouzos;15;A Coruña;15061;Ortigueira;43º 42' 10";-07º 50' 39"
1506201;Broña;15;A Coruña;15062;Outes;42º 48' 12";-08º 55' 39"
1506701;Areal;15;A Coruña;15067;A Pobra do Caramiñal;42º 35' 56";-08º 55' 54"
1506702;Cabío-Lombiña;15;A Coruña;15067;A Pobra do Caramiñal;42º 35' 27";-08º 55' 15"
1506802;Balarés;15;A Coruña;15068;Ponteceso;43º 14' 36";-08º 56' 25"
1506803;Hermida;15;A Coruña;15068;Ponteceso;43º 15' 47";-08º 57' 01"
1506901;Ber;15;A Coruña;15069;Pontedeume;43º 23' 55";-08º 12' 36"
1507101;Aguieira;15;A Coruña;15071;Porto do Son;42º 44' 29";-08º 58' 06"
1507104;Coira;15;A Coruña;15071;Porto do Son;42º 45' 22";-08º 56' 59"
1507109;Queiruga;15;A Coruña;15071;Porto do Son;42º 40' 37";-09º 01' 45"
1507110;As Furnas;15;A Coruña;15071;Porto do Son;42º 38' 50";-09º 02' 05"
1507111;Baroña;15;A Coruña;15071;Porto do Son;42º 41' 25";-09º 01' 39"
1507202;Tanxil;15;A Coruña;15072;Rianxo;42º 38' 44";-08º 48' 36"
1507302;O Castro, Aguiño;15;A Coruña;15073;Ribeira;42º 31' 44";-09º 00' 27"
1507304;Coroso;15;A Coruña;15073;Ribeira;42º 34' 04";-08º 59' 09"
1507305;Corrubedo;15;A Coruña;15073;Ribeira;42º 34' 30";-09º 02' 49"
1507506;San Pedro;15;A Coruña;15075;Sada;43º 23' 02";-08º 17' 14"
1507507;Sada;15;A Coruña;15075;Sada;43º 20' 59";-08º 14' 55"
1508701;Frouxeira;15;A Coruña;15087;Valdoviño;43º 36' 46";-08º 10' 10"
1590101;A Concha, Cariño;15;A Coruña;15901;Cariño;43º 44' 11";-07º 52' 22"
1701303;Sa Riera;17;Girona;17013;Albanyà;41º 58' 21";3º 12' 38"
1702303;Blanes;17;Girona;17023;Blanes;41º 40' 30";2º 47' 35"
1702304;S'Abanell;17;Girona;17023;Blanes;41º 40' 07";2º 47' 14"
1703209;Gran de Cadaqués;17;Girona;17032;Cadaqués;42º 17' 20";3º 16' 43"
1703402;Torre Valentina - Sant Antoni;17;Girona;17034;Calonge;41º 50' 38";3º 06' 00"
1704702;Empúriabrava;17;Girona;17047;Castelló d'Empúries;42º 14' 34";3º 07' 47"
1704805;Platja d'Aro;17;Girona;17048;Castell-Platja d'Aro;41º 48' 50";3º 04' 03"
1705402;En Goixa;17;Girona;17054;Colera;42º 24' 22";3º 09' 19"
1706209;Riells;17;Girona;17062;L'Escala;42º 06' 54";3º 08' 22"
1709203;El Port;17;Girona;17092;Llançà;42º 22' 22";3º 09' 35"
1709507;Lloret;17;Girona;17095;Lloret de Mar;41º 42' 02";2º 51' 08"
1709509;Fenals;17;Girona;17095;Lloret de Mar;41º 41' 44";2º 50' 01"
1711703;Llafranc;17;Girona;17117;Palafrugell;41º 53' 37";3º 11' 38"
1711804;De la Fosca;17;Girona;17118;Palamós;41º 51' 28";3º 08' 36"
1712401;Pals;17;Girona;17124;Pals;41º 59' 19";3º 12' 08"
1713803;Portbou;17;Girona;17138;Portbou;42º 25' 38";3º 09' 38"
1714003;Port de la Selva;17;Girona;17140;El Port de la Selva;42º 20' 06";3º 12' 05"
1715203;De Roses;17;Girona;17152;Roses;42º 15' 51";3º 09' 42"
1716001;Sant Pol;17;Girona;17160;Sant Feliu de Guíxols;41º 47' 26";3º 02' 56"
1716002;Sant Feliu de Guíxols;17;Girona;17160;Sant Feliu de Guíxols;41º 46' 48";3º 01' 48"
1717801;Sant Pere Pescador;17;Girona;17178;Sant Pere Pescador;42º 10' 43";3º 06' 36"
1719902;L'Estartit;17;Girona;17199;Torroella de Montgrí;42º 02' 54";3º 11' 50"
1720207;Gran de Tossa;17;Girona;17202;Tossa de Mar;41º 43' 13";2º 56' 04"
1800606;La Rábita;18;Granada;18006;Albuñol;36º 44' 54";-03º 10' 15"
1801701;Cantarriján;18;Granada;18017;Almuñécar;36º 44' 15";-03º 46' 21"
1801703;La Herradura;18;Granada;18017;Almuñécar;36º 44' 08";-03º 44' 37"
1801707;San Cristobal-La China;18;Granada;18017;Almuñécar;36º 43' 54";-03º 41' 10"
1801709;Puerta del Mar-Fuentepiedra;18;Granada;18017;Almuñécar;36º 43' 51";-03º 41' 14"
1801710;Velilla;18;Granada;18017;Almuñécar;36º 44' 22";-03º 40' 00"
1809302;Sotillo-Castell de Ferro;18;Granada;18093;Gualchos;36º 43' 15";-03º 21' 34"
1812401;Cambriles;18;Granada;18124;Lújar;36º 43' 48";-03º 20' 60"
1814002;Pelaillo-Poniente;18;Granada;18140;Motril;36º 43' 22";-03º 32' 14"
1814004;Torrenueva;18;Granada;18140;Motril;36º 42' 12";-03º 29' 13"
1814008;Calahonda;18;Granada;18140;Motril;36º 41' 60";-03º 24' 52"
1816201;La Mamola;18;Granada;18162;Polopos;36º 44' 53";-03º 16' 34"
1817001;El Lance;18;Granada;18170;Rubite;36º 44' 25";-03º 18' 24"
1817304;La Charca-Solamar;18;Granada;18173;Salobreña;36º 44' 13";-03º 35' 21"
1817704;Melicena;18;Granada;18177;Sorvilán;36º 45' 15";-03º 14' 22"
2002901;Deba-Deva;20;Gipuzkoa;20029;Deba;43º 17' 59";-02º 21' 05"
2003602;Hondarribia-Fuenterrabía;20;Gipuzkoa;20036;Hondarribia;43º 22' 50";-01º 47' 36"
2003903;Gaztetape-Gastetape;20;Gipuzkoa;20039;Getaria;43º 18' 20";-02º 12' 18"
2003904;Malkorbe-Marcorbe;20;Gipuzkoa;20039;Getaria;43º 18' 12";-02º 12' 03"
2005601;Saturraran;20;Gipuzkoa;20056;Mutriku;43º 19' 23";-02º 24' 34"
2005604;Mutriku-Motrico;20;Gipuzkoa;20056;Mutriku;43º 18' 43";-02º 22' 45"
2006102;La Antilla-San Juan;20;Gipuzkoa;20061;Orio;43º 17' 32";-02º 07' 36"
2006902;Ondarreta-Ondarreta;20;Gipuzkoa;20069;Donostia/San Sebastián;43º 19' 05";-01º 59' 58"
2006904;La Kontxa-La Concha;20;Gipuzkoa;20069;Donostia/San Sebastián;43º 19' 02";-01º 59' 20"
2006905;La Zurriola;20;Gipuzkoa;20069;Donostia/San Sebastián;43º 19' 04";-01º 58' 25"
2007901;Zarautz-Zarauz;20;Gipuzkoa;20079;Zarautz;43º 17' 29";-02º 09' 43"
2008102;Itzurun-San Telmo;20;Gipuzkoa;20081;Zumaia;43º 18' 05";-02º 15' 37"
2008103;Santixo-Santiago;20;Gipuzkoa;20081;Zumaia;43º 18' 10";-02º 14' 46"
2100502;Matalascañas;21;Huelva;21005;Almonte;36º 57' 32";-06º 29' 40"
2101001;Isla Canela;21;Huelva;21010;Ayamonte;37º 10' 24";-07º 22' 27"
2102102;El Portil;21;Huelva;21021;Cartaya;37º 12' 26";-07º 02' 17"
2104101;El Espigón;21;Huelva;21041;Huelva;37º 10' 34";-06º 56' 52"
2104202;Central;21;Huelva;21042;Isla Cristina;37º 11' 42";-07º 18' 25"
2104203;Del Hoyo;21;Huelva;21042;Isla Cristina;37º 11' 25";-07º 16' 51"
2104205;Islantilla;21;Huelva;21042;Isla Cristina;37º 12' 21";-07º 14' 19"
2104402;Antilla;21;Huelva;21044;Lepe;37º 12' 22";-07º 12' 29"
2105001;El Parador;21;Huelva;21050;Moguer;37º 06' 46";-06º 46' 27"
2105501;De Mazagón;21;Huelva;21055;Palos de la Frontera;37º 07' 52";-06º 49' 34"
2106002;La Bota;21;Huelva;21060;Punta Umbría;37º 12' 13";-07º 13' 09"
2106004;Punta Umbría;21;Huelva;21060;Punta Umbría;37º 11' 31";-06º 59' 46"
2700501;Altar, San Cosme;27;Lugo;27005;Barreiros;43º 34' 03";-07º 14' 15"
2700503;San Miguel Reinante/Area Longa;27;Lugo;27005;Barreiros;43º 33' 55";-07º 12' 59"
2700504;Valea, Benquerencia;27;Lugo;27005;Barreiros;43º 33' 50";-07º 12' 22"
2701302;O Torno;27;Lugo;27013;Cervo;43º 41' 53";-07º 26' 23"
2701901;A Rapadoira;27;Lugo;27019;Foz;43º 34' 22";-07º 14' 50"
2701902;Area Longa;27;Lugo;27019;Foz;43º 36' 25";-07º 18' 11"
2702501;Esteiro;27;Lugo;27025;Xove;43º 42' 42";-07º 33' 29"
2702503;Lago;27;Lugo;27025;Xove;43º 42' 35";-07º 28' 45"
2705005;Os Castros;27;Lugo;27050;Quiroga;43º 33' 25";-07º 02' 55"
2705101;As Catedrais;27;Lugo;27051;Ribadeo;43º 33' 19";-07º 09' 31"
2706401;Abrela;27;Lugo;27064;O Vicedo;43º 42' 04";-07º 36' 47"
2706402;Area Longa;27;Lugo;27064;O Vicedo;43º 43' 59";-07º 41' 34"
2706403;Areagrande, San Roman;27;Lugo;27064;O Vicedo;43º 43' 07";-07º 37' 32"
2706405;Xilloi;27;Lugo;27064;O Vicedo;43º 44' 40";-07º 39' 06"
2706601;Area;27;Lugo;27066;Viveiro;43º 41' 33";-07º 34' 34"
2706602;Covas;27;Lugo;27066;Viveiro;43º 40' 17";-07º 36' 08"
2790201;A Marosa;27;Lugo;27902;Burela;43º 40' 30";-07º 22' 19"
2902503;Bil-Bil y Arroyo de la Miel;29;Málaga;29025;Benalmádena;36º 35' 24";-04º 31' 41"
2902514;Carvajal;29;Málaga;29025;Benalmádena;36º 34' 20";-04º 35' 20"
2904101;Ancha;29;Málaga;29041;Casares;36º 22' 38";-05º 13' 10"
2905106;La Rada;29;Málaga;29051;Estepona;36º 25' 29";-05º 08' 41"
2905402;Los Boliches - Las Gaviotas;29;Málaga;29054;Fuengirola;36º 33' 29";-04º 36' 31"
2906707;La Malagueta;29;Málaga;29067;Málaga;36º 43' 09";-04º 24' 28"
2906712;El Dedo - El Chanquete;29;Málaga;29067;Málaga;36º 43' 01";-04º 20' 58"
2906801;Sabinillas;29;Málaga;29068;Manilva;36º 21' 59";-05º 13' 28"
2906906;Rio Verde - Puerto Banús;29;Málaga;29069;Marbella;36º 29' 47";-04º 56' 32"
2906912;La Bajadilla;29;Málaga;29069;Marbella;36º 30' 28";-04º 52' 38"
2906921;Alicate - Costa Bella - Pinomar;29;Málaga;29069;Marbella;36º 29' 54";-04º 48' 34"
2907002;La Butibamba;29;Málaga;29070;Mijas;36º 30' 01";-04º 40' 58"
2907502;Torrecilla;29;Málaga;29075;Nerja;36º 44' 31";-03º 52' 58"
2907509;Burriana;29;Málaga;29075;Nerja;36º 45' 05";-03º 51' 57"
2908202;Rincón de la Victoria;29;Málaga;29082;Rincón de la Victoria;36º 42' 51";-04º 16' 51"
2909103;Ferrara - Las Lindes;29;Málaga;29091;Torrox;36º 43' 55";-03º 58' 33"
2909406;Torre del Mar;29;Málaga;29094;Vélez-Málaga;36º 44' 34";-04º 05' 16"
2990102;La Carihuela - El Bajondillo - Playamar;29;Málaga;29901;Torremolinos;36º 37' 18";-04º 29' 40"
3000301;La Carolina;30;Murcia;30003;Águilas;37º 22' 36";-01º 37' 40"
3000312;La Colonia;30;Murcia;30003;Águilas;37º 24' 05";-01º 35' 26"
3000313;Poniente;30;Murcia;30003;Águilas;37º 24' 09";-01º 35' 08"
3000314;Levante;30;Murcia;30003;Águilas;37º 24' 23";-01º 34' 36"
3000315;Las Delicias;30;Murcia;30003;Águilas;37º 24' 25";-01º 34' 03"
3000327;Calabardina;30;Murcia;30003;Águilas;37º 25' 48";-01º 30' 05"
3001610;La Azohía;30;Murcia;30016;Cartagena;37º 33' 22";-01º 10' 09"
3001619;El Portús;30;Murcia;30016;Cartagena;37º 35' 03";-01º 04' 27"
3001624;Cala Cortina;30;Murcia;30016;Cartagena;37º 34' 52";-00º 58' 28"
3001634;De Calblanque;30;Murcia;30016;Cartagena;37º 36' 16";-00º 43' 44"
3001653;Las Amoladeras;30;Murcia;30016;Cartagena;37º 38' 50";-00º 42' 48"
3001655;Barco Perdido, Galúa;30;Murcia;30016;Cartagena;37º 39' 41";-00º 43' 16"
3001676;Los Urrutias;30;Murcia;30016;Cartagena;37º 41' 04";-00º 49' 51"
3002414;Puntas de Calnegre;30;Murcia;30024;Lorca;37º 30' 37";-01º 24' 05"
3002618;Bolnuevo;30;Murcia;30026;Mazarrón;37º 33' 40";-01º 18' 24"
3002623;La Reya;30;Murcia;30026;Mazarrón;37º 33' 33";-01º 16' 34"
3002626;La Isla;30;Murcia;30026;Mazarrón;37º 33' 34";-01º 15' 53"
3002630;El Alamillo;30;Murcia;30026;Mazarrón;37º 34' 36";-01º 14' 38"
3002633;Del Mojón;30;Murcia;30026;Mazarrón;37º 34' 34";-01º 13' 38"
3003503;De Colón;30;Murcia;30035;San Javier;37º 48' 03";-00º 48' 05"
3003509;Mistral;30;Murcia;30035;San Javier;37º 45' 28";-00º 44' 48"
3003526;El Arenal;30;Murcia;30035;San Javier;37º 41' 32";-00º 44' 10"
3003531;Banco del Tabal;30;Murcia;30035;San Javier;37º 40' 25";-00º 43' 45"
3003602;Villananitos;30;Murcia;30036;San Pedro del Pinatar;37º 49' 00";-00º 47' 03"
3003605;La Torre Derribada;30;Murcia;30036;San Pedro del Pinatar;37º 50' 09";-00º 45' 39"
3003606;Las Salinas;30;Murcia;30036;San Pedro del Pinatar;37º 49' 04";-00º 45' 25"
3004102;Del Lastre;30;Murcia;30041;La Unión;37º 34' 48";-00º 50' 36"
3090202;Punta Calera;30;Murcia;30902;Los Alcázares;37º 45' 14";-00º 49' 52"
3090205;El Espejo;30;Murcia;30902;Los Alcázares;37º 44' 35";-00º 50' 51"
3090206;Manzanares;30;Murcia;30902;Los Alcázares;37º 44' 29";-00º 50' 55"
3301303;Arenal de Moris;33;Asturias;33013;Caravia;43º 28' 32";-05º 10' 24"
3301403;Candás - La Palmera;33;Asturias;33014;Carreño;43º 35' 21";-05º 45' 36"
3301406;Xivares;33;Asturias;33014;Carreño;43º 34' 14";-05º 43' 06"
3301608;Salinas - San Juan, El Espartal;33;Asturias;33016;Castrillón;43º 34' 57";-05º 56' 53"
3301704;Peñarronda;33;Asturias;33017;Castropol;43º 33' 12";-06º 59' 38"
3301804;Arnielles;33;Asturias;33018;Coaña;43º 33' 40";-06º 43' 50"
3301903;La Isla;33;Asturias;33019;Colunga;43º 28' 46";-05º 13' 20"
3302117;San Pedro de Bocamar;33;Asturias;33021;Cudillero;43º 34' 46";-06º 13' 10"
3302120;La Concha de Artedo;33;Asturias;33021;Cudillero;43º 33' 53";-06º 11' 13"
3302302;Pormenande;33;Asturias;33023;El Franco;43º 33' 53";-06º 49' 33"
3302403;San Lorenzo;33;Asturias;33024;Gijón;43º 32' 31";-05º 39' 06"
3302509;Santa Marina de Luanco;33;Asturias;33025;Gozón;43º 37' 10";-05º 47' 13"
3303402;Otur;33;Asturias;33034;Valdés;43º 33' 13";-06º 35' 47"
3303407;Primera y Segunda de Luarca;33;Asturias;33034;Valdés;43º 32' 51";-06º 32' 13"
3303612;Niembro, Toranda;33;Asturias;33036;Llanes;43º 26' 30";-04º 50' 18"
3303614;Xiglu - Barro - Sorraos;33;Asturias;33036;Llanes;43º 26' 14";-04º 49' 26"
3303618;Palombina - Las Camaras, Los Frailes;33;Asturias;33036;Llanes;43º 25' 58";-04º 48' 27"
3303626;Toró;33;Asturias;33036;Llanes;43º 25' 03";-04º 44' 31"
3303902;Aguilar;33;Asturias;33039;Muros de Nalón;43º 33' 23";-06º 07' 05"
3304101;Navia;33;Asturias;33041;Navia;43º 33' 22";-06º 43' 16"
3305501;La Franca;33;Asturias;33055;Ribadedeva;43º 23' 37";-04º 34' 34"
3305601;Vega;33;Asturias;33056;Ribadesella;43º 28' 49";-05º 08' 19"
3305602;Santa Marina;33;Asturias;33056;Ribadesella;43º 27' 59";-05º 04' 04"
3306901;Los Quebrantos;33;Asturias;33069;Soto del Barco;43º 34' 16";-06º 03' 08"
3307007;Anguileiro, La Grande / Los Campos;33;Asturias;33070;Tapia de Casariego;43º 34' 07";-06º 56' 50"
3307606;Rodiles;33;Asturias;33076;Villaviciosa;43º 32' 03";-05º 22' 45"
3500101;Las Nieves;35;Las Palmas;35001;Agaete;28º 06' 03";-15º 42' 37"
3500201;Arinaga;35;Las Palmas;35002;Agüimes;27º 51' 25";-15º 23' 51"
3500301;Caleta de Fuste;35;Las Palmas;35003;Antigua;28º 23' 45";-13º 51' 32"
3500403;El Reducto;35;Las Palmas;35004;Arrecife;28º 57' 30";-13º 33' 29"
3500601;El Puertillo;35;Las Palmas;35006;Arucas;28º 09' 00";-15º 32' 08"
3500901;Sardina;35;Las Palmas;35009;Gáldar;28º 09' 07";-15º 41' 46"
3501017;La Garita;35;Las Palmas;35010;Haría;29º 07' 03";-13º 27' 54"
3501101;El Burrero;35;Las Palmas;35011;Ingenio;27º 54' 40";-15º 23' 15"
3501201;Taurito;35;Las Palmas;35012;Mogán;27º 48' 54";-15º 45' 12"
3501202;Amadores;35;Las Palmas;35012;Mogán;27º 47' 25";-15º 43' 28"
3501301;Charco de San Lorenzo;35;Las Palmas;35013;Moya;28º 08' 37";-15º 34' 33"
3501401;Marfolín;35;Las Palmas;35014;La Oliva;28º 41' 30";-14º 00' 44"
3501402;Corralejo;35;Las Palmas;35014;La Oliva;28º 44' 10";-13º 52' 04"
3501403;Grandes Playas-El Caserón;35;Las Palmas;35014;La Oliva;28º 42' 36";-13º 50' 21"
3501501;Ajuí;35;Las Palmas;35015;Pájara;28º 23' 50";-14º 09' 19"
3501502;La Pared;35;Las Palmas;35015;Pájara;28º 13' 05";-14º 13' 13"
3501503;El Cofete;35;Las Palmas;35015;Pájara;28º 06' 29";-14º 23' 47"
3501504;El Puertito;35;Las Palmas;35015;Pájara;28º 04' 20";-14º 30' 07"
3501505;Morro Jable;35;Las Palmas;35015;Pájara;28º 02' 55";-14º 20' 43"
3501506;Butihondo y El Matorral;35;Las Palmas;35015;Pájara;28º 03' 52";-14º 18' 47"
3501507;Costa Calma y Sotavento de Jandía;35;Las Palmas;35015;Pájara;28º 09' 38";-14º 13' 34"
3501601;Las Canteras;35;Las Palmas;35016;Las Palmas de Gran Canaria;28º 08' 25";-15º 26' 09"
3501701;El Puertito, Los Molinos;35;Las Palmas;35017;Puerto del Rosario;28º 32' 35";-14º 03' 48"
3501702;Blanca;35;Las Palmas;35017;Puerto del Rosario;28º 28' 35";-13º 52' 02"
3501801;Honda;35;Las Palmas;35018;San Bartolomé;28º 56' 59";-13º 35' 31"
3501901;Maspalomas;35;Las Palmas;35019;San Bartolomé de Tirajana;27º 44' 16";-15º 34' 59"
3501902;El Inglés;35;Las Palmas;35019;San Bartolomé de Tirajana;27º 44' 52";-15º 33' 42"
3501903;San Agustín;35;Las Palmas;35019;San Bartolomé de Tirajana;27º 46' 13";-15º 32' 22"
3502001;Puerto La Aldea y La Aldea;35;Las Palmas;35020;La Aldea de San Nicolás;28º 00' 23";-15º 49' 02"
3502002;Tasarte;35;Las Palmas;35020;La Aldea de San Nicolás;27º 52' 16";-15º 48' 20"
3502201;Pozo Izquierdo, El Arenal;35;Las Palmas;35022;Santa Lucía de Tirajana;27º 49' 21";-15º 25' 26"
3502301;San Felipe;35;Las Palmas;35023;Santa María de Guía de Gran Canaria;28º 08' 45";-15º 35' 32"
3502425;Las Cucharas;35;Las Palmas;35024;Teguise;28º 59' 52";-13º 29' 19"
3502601;Melenara;35;Las Palmas;35026;Telde;27º 59' 15";-15º 22' 33"
3502808;Los Pocillos;35;Las Palmas;35028;Tías;28º 55' 36";-13º 38' 09"
3502809;Matagorda;35;Las Palmas;35028;Tías;28º 56' 55";-13º 35' 52"
3502811;Guacimeta;35;Las Palmas;35028;Tías;28º 56' 21";-13º 36' 28"
3502904;Ría de la Santa;35;Las Palmas;35029;Tinajo;29º 07' 01";-13º 39' 13"
3503001;Gran Tarajal;35;Las Palmas;35030;Tuineje;28º 12' 43";-14º 01' 10"
3503410;Playa Blanca;35;Las Palmas;35034;Yaiza;28º 51' 46";-13º 49' 47"
3600303;Ladeira, Ramallosa;36;Pontevedra;36003;Baiona;42º 06' 55";-08º 49' 31"
3600402;Area de Bon;36;Pontevedra;36004;Bueu;42º 18' 56";-08º 49' 04"
3600408;Mourisca;36;Pontevedra;36004;Bueu;42º 20' 19";-08º 49' 15"
3600411;Portomaior-Agrelo;36;Pontevedra;36004;Bueu;42º 20' 15";-08º 45' 51"
3600419;Melide, Ons;36;Pontevedra;36004;Bueu;42º 23' 27";-08º 55' 25"
3600802;Barra-Nerga;36;Pontevedra;36008;Cangas;42º 15' 40";-08º 50' 35"
3600803;Rodeira;36;Pontevedra;36008;Cangas;42º 15' 46";-08º 46' 09"
3600805;Area Brava;36;Pontevedra;36008;Cangas;42º 17' 34";-08º 50' 32"
3600806;Area Grande;36;Pontevedra;36008;Cangas;42º 16' 36";-08º 49' 09"
3600807;Limens;36;Pontevedra;36008;Cangas;42º 15' 38";-08º 48' 37"
3600808;Vilariño-Arnelas, Hio;36;Pontevedra;36008;Cangas;42º 16' 43";-08º 49' 40"
3602201;A Lanzada;36;Pontevedra;36022;O Grove;42º 26' 53";-08º 52' 28"
3602202;Area da Cruz;36;Pontevedra;36022;O Grove;42º 27' 49";-08º 54' 37"
3602208;Area Grande;36;Pontevedra;36022;O Grove;42º 28' 42";-08º 55' 09"
3602209;Mexilloeira;36;Pontevedra;36022;O Grove;42º 28' 38";-08º 54' 20"
3602305;Camposancos;36;Pontevedra;36023;A Guarda;41º 52' 24";-08º 52' 09"
3602601;Aguete;36;Pontevedra;36026;Marín;42º 22' 35";-08º 43' 45"
3602603;Mogor;36;Pontevedra;36026;Marín;42º 23' 11";-08º 43' 09"
3602606;Lapamán;36;Pontevedra;36026;Marín;42º 20' 40";-08º 45' 05"
3602902;Tirán;36;Pontevedra;36029;Moaña;42º 16' 08";-08º 45' 00"
3602903;Xunqueira, Moaña;36;Pontevedra;36029;Moaña;42º 17' 15";-08º 43' 33"
3603501;Panxón-América;36;Pontevedra;36035;Nigrán;42º 08' 12";-08º 48' 59"
3603504;Patos;36;Pontevedra;36035;Nigrán;42º 09' 27";-08º 49' 17"
3604103;Chancelas;36;Pontevedra;36041;Poio;42º 25' 24";-08º 42' 59"
3604501;Cesantes;36;Pontevedra;36045;Redondela;42º 18' 16";-08º 36' 50"
3605102;Areas;36;Pontevedra;36051;Sanxenxo;42º 23' 42";-08º 46' 40"
3605103;Portonovo-Baltar;36;Pontevedra;36051;Sanxenxo;42º 23' 57";-08º 49' 16"
3605105;Canelas;36;Pontevedra;36051;Sanxenxo;42º 23' 24";-08º 49' 49"
3605110;Maxor;36;Pontevedra;36051;Sanxenxo;42º 24' 50";-08º 52' 00"
3605111;Montalvo;36;Pontevedra;36051;Sanxenxo;42º 23' 52";-08º 50' 51"
3605117;Silgar;36;Pontevedra;36051;Sanxenxo;42º 24' 07";-08º 48' 36"
3605701;A Fonte;36;Pontevedra;36057;Vigo;42º 13' 05";-08º 46' 30"
3605702;Bao;36;Pontevedra;36057;Vigo;42º 12' 00";-08º 47' 23"
3605703;Rodas, Cíes;36;Pontevedra;36057;Vigo;42º 13' 25";-08º 54' 01"
3605706;Samil;36;Pontevedra;36057;Vigo;42º 12' 44";-08º 46' 27"
3605711;Canido;36;Pontevedra;36057;Vigo;42º 11' 49";-08º 47' 41"
3606001;Compostela;36;Pontevedra;36060;Vilagarcía de Arousa;42º 36' 32";-08º 46' 03"
3606102;As Sinas;36;Pontevedra;36061;Vilanova de Arousa;42º 34' 42";-08º 49' 03"
3606103;O Terrón;36;Pontevedra;36061;Vilanova de Arousa;42º 33' 30";-08º 49' 59"
3690102;Camaxe;36;Pontevedra;36901;A Illa de Arousa;42º 32' 46";-08º 51' 42"
3800112;Fañabe;38;Santa Cruz de Tenerife;38001;Adeje;28º 05' 05";-16º 44' 13"
3800116;Las Américas;38;Santa Cruz de Tenerife;38001;Adeje;28º 04' 08";-16º 43' 59"
3800301;Santiago;38;Santa Cruz de Tenerife;38003;Alajeró;28º 01' 40";-17º 11' 53"
3800302;Nogales;38;Santa Cruz de Tenerife;38003;Alajeró;28º 45' 36";-17º 44' 27"
3800504;Poris;38;Santa Cruz de Tenerife;38005;Arico;28º 09' 52";-16º 25' 53"
3800603;Las Vistas;38;Santa Cruz de Tenerife;38006;Arona;28º 03' 02";-16º 43' 19"
3800801;Bajamar;38;Santa Cruz de Tenerife;38008;Breña Alta;28º 40' 12";-17º 46' 32"
3800901;Los Cancajos;38;Santa Cruz de Tenerife;38009;Breña Baja;28º 39' 10";-17º 45' 37"
3801005;La Ballenita;38;Santa Cruz de Tenerife;38010;Buenavista del Norte;28º 20' 34";-16º 55' 12"
3801103;La Hornilla - Los Guanches;38;Santa Cruz de Tenerife;38011;Candelaria;28º 21' 14";-16º 22' 10"
3801311;La Restinga;38;Santa Cruz de Tenerife;38013;Frontera;27º 38' 27";-17º 58' 48"
3801404;El Faro;38;Santa Cruz de Tenerife;38014;Fuencaliente de la Palma;28º 27' 21";-17º 50' 09"
3801503;Caletón De Garachico;38;Santa Cruz de Tenerife;38015;Garachico;28º 22' 16";-16º 46' 09"
3801705;El Médano;38;Santa Cruz de Tenerife;38017;Granadilla de Abona;28º 02' 29";-16º 32' 31"
3801801;Santo Domingo;38;Santa Cruz de Tenerife;38018;La Guancha;28º 23' 32";-16º 40' 43"
3801905;San Juan;38;Santa Cruz de Tenerife;38019;Guía de Isora;28º 10' 48";-16º 48' 47"
3802002;El Puertito;38;Santa Cruz de Tenerife;38020;Güímar;28º 17' 28";-16º 22' 40"
3802101;Hermigua;38;Santa Cruz de Tenerife;38021;Hermigua;28º 10' 43";-17º 10' 48"
3802201;San Marcos;38;Santa Cruz de Tenerife;38022;Icod de los Vinos;28º 22' 35";-16º 43' 37"
3802302;San Juan/Castillo;38;Santa Cruz de Tenerife;38023;San Cristóbal de La Laguna;28º 33' 24";-16º 20' 30"
3802305;El Arenisco;38;Santa Cruz de Tenerife;38023;San Cristóbal de La Laguna;28º 33' 58";-16º 19' 56"
3802403;Puerto Naos;38;Santa Cruz de Tenerife;38024;Los Llanos de Aridane;28º 35' 04";-17º 54' 36"
3802501;El Caletón;38;Santa Cruz de Tenerife;38025;La Matanza de Acentejo;28º 27' 30";-16º 27' 41"
3802601;El Bollullo;38;Santa Cruz de Tenerife;38026;La Orotava;28º 25' 04";-16º 31' 13"
3802801;Jardín;38;Santa Cruz de Tenerife;38028;Puerto de la Cruz;28º 24' 56";-16º 33' 31"
3802804;Martiánez;38;Santa Cruz de Tenerife;38028;Puerto de la Cruz;28º 25' 05";-16º 32' 29"
3803101;El Socorro;38;Santa Cruz de Tenerife;38031;Los Realejos;28º 23' 39";-16º 36' 24"
3803302;Charco Azul;38;Santa Cruz de Tenerife;38033;San Andrés y Sauces;28º 48' 33";-17º 45' 46"
3803401;Las Aguas;38;Santa Cruz de Tenerife;38034;San Juan de la Rambla;28º 23' 43";-16º 38' 22"
3803605;San Sebastian;38;Santa Cruz de Tenerife;38036;San Sebastián de la Gomera;28º 05' 29";-17º 06' 47"
3803801;La Nea;38;Santa Cruz de Tenerife;38032;El Rosario;28º 24' 14";-16º 19' 06"
3803806;Las Teresitas;38;Santa Cruz de Tenerife;38038;Santa Cruz de Tenerife;28º 30' 31";-16º 11' 11"
3804004;La Arena;38;Santa Cruz de Tenerife;38040;Santiago del Teide;28º 13' 47";-16º 50' 28"
3804101;La Garañona;38;Santa Cruz de Tenerife;38041;El Sauzal;28º 29' 18";-16º 25' 58"
3804203;El Gomero;38;Santa Cruz de Tenerife;38042;Los Silos;28º 22' 37";-16º 48' 07"
3804302;La Arena/Mesa del Mar;38;Santa Cruz de Tenerife;38043;Tacoronte;28º 30' 55";-16º 25' 27"
3804502;Puerto de Tazacorte;38;Santa Cruz de Tenerife;38045;Tazacorte;28º 38' 51";-17º 56' 41"
3804803;El Tamaduste;38;Santa Cruz de Tenerife;38048;Valverde;27º 49' 26";-17º 53' 44"
3804902;Valle Gran Rey;38;Santa Cruz de Tenerife;38049;Valle Gran Rey;28º 05' 08";-17º 20' 24"
3805004;Vallehermoso;38;Santa Cruz de Tenerife;38050;Vallehermoso;28º 12' 11";-17º 15' 08"
3900101;Luaña-Cobreces;39;Cantabria;39001;Alfoz de Lloredo;43º 23' 44";-04º 13' 10"
3900602;La Arena;39;Cantabria;39006;Arnuero;43º 30' 15";-03º 34' 32"
3901102;Cuberris;39;Cantabria;39011;Bareyo;43º 29' 53";-03º 36' 49"
3902002;Oriñon;39;Cantabria;39020;Castro-Urdiales;43º 24' 09";-03º 19' 23"
3902004;Ostende;39;Cantabria;39020;Castro-Urdiales;43º 23' 16";-03º 13' 27"
3902401;Comillas;39;Cantabria;39024;Comillas;43º 23' 27";-04º 17' 10"
3903502;La Salve;39;Cantabria;39035;Laredo;43º 25' 10";-03º 26' 12"
3904401;Cuchia-Marzan;39;Cantabria;39044;Miengo;43º 26' 13";-04º 01' 47"
3904405;Mogro-Usil;39;Cantabria;39044;Miengo;43º 26' 20";-03º 58' 17"
3904701;Ris;39;Cantabria;39047;Noja;43º 29' 35";-03º 31' 53"
3905201;Valdearenas;39;Cantabria;39052;Piélagos;43º 26' 57";-03º 58' 49"
3906102;Somo-Loredo;39;Cantabria;39061;Ribamontán al Mar;43º 27' 30";-03º 44' 33"
3907302;San Juan de la Canal;39;Cantabria;39073;Santa Cruz de Bezana;43º 28' 29";-03º 53' 31"
3907506;Sardinero;39;Cantabria;39075;Santander;43º 28' 36";-03º 47' 00"
3907511;La Magdalena;39;Cantabria;39075;Santander;43º 28' 04";-03º 46' 31"
3907902;San Martín;39;Cantabria;39079;Santoña;43º 26' 27";-03º 26' 42"
3908004;El Sable de Merón;39;Cantabria;39080;San Vicente de la Barquera;43º 23' 38";-04º 22' 00"
3908503;La Concha;39;Cantabria;39085;Suances;43º 26' 10";-04º 02' 23"
3909101;Oyambre;39;Cantabria;39091;Valdáliga;43º 23' 37";-04º 19' 55"
3909504;Amio;39;Cantabria;39095;Val de San Vicente;43º 23' 45";-04º 28' 52"
4301202;Altafulla;43;Tarragona;43012;Altafulla;41º 08' 03";1º 22' 25"
4301313;L'Alguer;43;Tarragona;43013;L'Ametlla de Mar;40º 53' 08";0º 48' 22"
4301401;Els Eucaliptus;43;Tarragona;43014;Amposta;40º 39' 32";0º 47' 12"
4303703;Calafell;43;Tarragona;43037;Calafell;41º 11' 19";1º 34' 34"
4303804;Prat d'en Fores i Regueral;43;Tarragona;43038;Cambrils;41º 04' 04";1º 04' 13"
4303806;Vilafortuny-L'Esquirol;43;Tarragona;43038;Cambrils;41º 04' 20";1º 06' 15"
4305001;Creixell;43;Tarragona;43050;Creixell;41º 09' 26";1º 26' 19"
4305101;Cunit;43;Tarragona;43051;Cunit;41º 11' 40";1º 37' 59"
4309201;Peixerota;43;Tarragona;43092;Mont-roig del Camp;41º 03' 01";1º 00' 48"
4309211;Cristall;43;Tarragona;43092;Mont-roig del Camp;41º 00' 13";0º 56' 26"
4313105;Roda de Bara;43;Tarragona;43131;Roda de Berà;41º 10' 05";1º 28' 14"
4313601;El Garbi;43;Tarragona;43136;Sant Carles de la Ràpita;40º 36' 57";0º 35' 39"
4314802;L'Arrabassada;43;Tarragona;43148;Tarragona;41º 07' 15";1º 16' 37"
4314808;La Mora;43;Tarragona;43148;Tarragona;41º 07' 44";1º 20' 50"
4315302;Barrio Maritimo/La Paella;43;Tarragona;43153;Torredembarra;41º 08' 42";1º 24' 50"
4316203;L'Arenal;43;Tarragona;43162;Vandellòs i l'Hospitalet de l'Infant;40º 59' 16";0º 54' 54"
4316303;Coma Ruga;43;Tarragona;43163;El Vendrell;41º 10' 52";1º 31' 27"
4317101;La Pineda;43;Tarragona;43171;Vila-seca;41º 05' 19";1º 11' 32"
4390103;Riomar;43;Tarragona;43901;Deltebre;40º 43' 45";0º 50' 23"
4390502;Llevant;43;Tarragona;43905;Salou;41º 04' 32";1º 08' 25"
4390602;Cap Roig;43;Tarragona;43906;L'Ampolla;40º 49' 16";0º 43' 54"
4390606;D'Avellaners;43;Tarragona;43906;L'Ampolla;40º 48' 45";0º 42' 52"
4601301;El Port / Saplaya;46;València/Valencia;46013;Alboraya;39º 30' 35";-00º 19' 12"
4604801;Bellreguard;46;València/Valencia;46048;Bellreguard;38º 58' 03";-00º 07' 50"
4608201;Raco de Mar;46;València/Valencia;46082;Canet d'En Berenguer;39º 41' 05";-00º 12' 04"
4610502;El Dossel;46;València/Valencia;46105;Cullera;39º 11' 55";-00º 13' 40"
4610506;El Raco;46;València/Valencia;46105;Cullera;39º 10' 58";-00º 13' 17"
4610507;Sant Antoni;46;València/Valencia;46105;Cullera;39º 09' 37";-00º 14' 22"
4611302;Daimús;46;València/Valencia;46113;Daimús;38º 58' 43";-00º 08' 28"
4613102;Norte de Gandia;46;València/Valencia;46131;Gandia;39º 00' 47";-00º 09' 19"
4614301;Xeraco;46;València/Valencia;46143;Xeraco;39º 03' 36";-00º 11' 36"
4618102;Pau-Pi;46;València/Valencia;46181;Oliva;38º 55' 48";-00º 05' 25"
4618103;L'Aigua Blanca;46;València/Valencia;46181;Oliva;38º 55' 16";-00º 04' 48"
4619501;Piles;46;València/Valencia;46195;Piles;38º 57' 07";-00º 06' 52"
4619901;La Pobla de Farnals;46;València/Valencia;46199;la Pobla de Farnals;39º 33' 28";-00º 17' 18"
4622001;Corint / Malvarrosa;46;València/Valencia;46220;Sagunto/Sagunt;39º 42' 33";-00º 11' 37"
4622003;Port de Sagunt / Sagunt;46;València/Valencia;46220;Sagunto/Sagunt;39º 39' 31";-00º 12' 32"
4623505;Mareny Blau;46;València/Valencia;46235;Sueca;39º 13' 45";-00º 14' 43"
4623801;Tavernes;46;València/Valencia;46238;Tavernes de la Valldigna;39º 05' 50";-00º 13' 02"
4625001;Playa de Levante / Malvarrosa;46;València/Valencia;46250;Valencia;39º 28' 20";-00º 19' 19"
4625004;La Devesa;46;València/Valencia;46250;Valencia;39º 20' 22";-00º 18' 19"
4801401;Muriola- La Cantera;48;Bizkaia;48014;Barrika;43º 24' 52";-02º 56' 45"
4802802;Ea;48;Bizkaia;48028;Ea;43º 23' 16";-02º 34' 55"
4804301;Gorlitz-Gorliz;48;Bizkaia;48043;Gorliz;43º 25' 52";-02º 56' 37"
4804401;Azkorri-Gorrondatxe;48;Bizkaia;48044;Getxo;43º 22' 86";-03º 00' 59"
4804402;Barinatxe-Salvaje;48;Bizkaia;48044;Getxo;43º 23' 06";-03º 00' 16"
4804801;Laida;48;Bizkaia;48048;Ibarrangelu;43º 24' 23";-02º 41' 34"
4804802;Laga;48;Bizkaia;48048;Ibarrangelu;43º 24' 38";-02º 39' 24"
4804901;Ogeia-Ispaster;48;Bizkaia;48049;Ispaster;43º 22' 28";-02º 32' 35"
4805601;Armintxekoalde;48;Bizkaia;48056;Lemoiz;43º 26' 08";-02º 54' 03"
4805701;Isuntza;48;Bizkaia;48057;Lekeitio;43º 21' 45";-02º 30' 01"
4806302;Karraspio;48;Bizkaia;48063;Mendexa;43º 21' 13";-02º 31' 12"
4806801;Laidatxu;48;Bizkaia;48068;Mundaka;43º 24' 23";-02º 41' 12"
4807101;Muskiz-La Arena;48;Bizkaia;48071;Muskiz;43º 21' 04";-03º 06' 57"
4807301;Arrigorri;48;Bizkaia;48073;Ondarroa;43º 19' 28";-02º 25' 01"
4807602;Toña;48;Bizkaia;48076;Sukarrieta;43º 23' 49";-02º 41' 34"
4807603;San Antonio De Abiña;48;Bizkaia;48021;Busturia;43º 23' 49";-02º 41' 37"
4807701;Plentzia-Plencia;48;Bizkaia;48077;Plentzia;43º 24' 49";-02º 56' 45"
4808502;Atxabiribil-Arrietara;48;Bizkaia;48085;Sopela;43º 23' 24";-02º 59' 43"
5100104;Benítez;51;Ceuta;51001;Ceuta;35º 53' 39";-05º 20' 12"
5100108;La Ribera - El Chorrillo;51;Ceuta;51001;Ceuta;35º 53' 13";-05º 19' 12"
5200103;El Hipódromo;52;Melilla;52001;Melilla;35º 17' 04";-02º 56' 19"